1,'fgreathead0','7o75RF'
2,'dgodbolt1','IUqOrObgS'
3,'ccouling2','JXNeaDvP'
4,'ltrevance3','FPf1bqPAgp'
5,'fkeilloh4','i4bgi9bDROt'
6,'dgiacobbinijacob5','1fWlp561rT'
7,'aridulfo6','IBqahnZx'
8,'sizen7','6eeydnOi'
9,'nbirks8','PLdHZq2'
10,'bposnett9','n27AxPMQoj5'
11,'ryukhina','1k7mpdeVF1F'
12,'jmcvieb','Ld69GvHFsJ'
13,'evaladezc','wMrVTI0j'
14,'zandrusd','wBvfx3f6fxuH'
15,'mbodessone','UZNI2bhbppUF'
16,'kdigweedf','PaqyELjr'
17,'vjaggerg','Ed5uhNl46'
18,'hjumph','Nk1Zr7m'
19,'tcampbelli','DbsJVnx5'
20,'djankiewiczj','S1n49PgUCD'
21,'dgeorgescuk','YFdZqj'
22,'gpattendenl','ID37KXyBr'
23,'lyushkovm','gnaMr2k7kh3'
24,'asilvestonn','xM48ODS30tzm'
25,'hgrassero','wUtxyPi'
26,'eescreetp','qpo17ay1aa'
27,'dschubbertq','YZMFjfFpux'
28,'vdeferrarir','6vElIad6DMsm'
29,'dreinerts','pTd7sy1'
30,'klongthornet','HkUhUlXh'
31,'cpilgeru','wKNSJ5uGB6'
32,'gdebernardiv','6fNMZmpJT'
33,'lbagew','MyFEdJxnFGzd'
34,'dderkesx','2DX4x1AHE'
35,'opriddeny','Ugal3d7R0UeS'
36,'alionelz','jwuTqsfZVs'
37,'csimko10','g7pbvh8J'
38,'mtonge11','c5VHxAu84'
39,'ktumasian12','hWeNmzlAW'
40,'msimeon13','d0mFyn'
41,'ljiggle14','lEuJyUStX'
42,'lpriestman15','C4UeZY3Pj8kj'
43,'wkennedy16','h3KGiUYSA'
44,'sbigglestone17','JS3IJCbQIN'
45,'gcoady18','3vhwSdK6'
46,'jfetters19','MSYp4vizEvI'
47,'ltoppin1a','qoNbkXy9'
48,'cbaggett1b','4A0mDpu'
49,'lwyllie1c','3HIPlP3dwdLk'
50,'dhurren1d','P0XC4jkWpS5'
51,'cpellett1e','khecAZBM0D'
52,'ralbasini1f','G1v58eYyzU'
53,'tpyner1g','mpS1Ufe'
54,'apinniger1h','WDdw5tQq1ZvK'
55,'tbalsdone1i','cwx9qrhGWM'
56,'nperdue1j','NnevkCrD4GJ'
57,'bwant1k','oAgRwhw'
58,'grubinowitsch1l','xzrSCTU4oXe'
59,'hlithcow1m','ytDc48GsUn'
60,'igrieswood1n','vXrdREMj'
61,'sstark1o','9DIdmwhfDUf'
62,'skervin1p','9c4Z8O73WlyT'
63,'fsalkild1q','tYTtCtXRKTxm'
64,'gmcpartlin1r','7lJXGKAJQ'
65,'cdillingham1s','djepnnxHiLBr'
66,'agarbott1t','pNKC5vmp'
67,'callward1u','8cJirY7L7i7'
68,'iokerin1v','OGGYPmRj'
69,'chowsan1w','vgy8m2n'
70,'emcguggy1x','q9VVSe'
71,'lgrahame1y','n31iPPm'
72,'dwheelwright1z','1gpjysSFICa'
73,'klean20','TMTLVoAh32M'
74,'tthraves21','CogoE7S'
75,'ladolthine22','E6Gwx2iz'
76,'aquince23','RUFNAsa'
77,'vllewellen24','VoR2LuX'
78,'phoolaghan25','FSedJSduxLq'
79,'jresun26','tGLeMr'
80,'jborthram27','w7KycOxzB'
81,'mregardsoe28','E0rU3cwe0Z'
82,'hveelers29','JIeM8vZ4'
83,'mtrenbay2a','AoLtm7wKDw'
84,'kgoose2b','0ikftulCw'
85,'lglyde2c','agEAIdoiFL'
86,'vhachard2d','clvy94Zi'
87,'cbartoszewicz2e','ndZVZI2'
88,'gmill2f','i1vIdFTT4r9E'
89,'dtoun2g','rF1TJup'
90,'cokey2h','4V7STD'
91,'glorenzin2i','UaatwYGUR6QD'
92,'dbeardshall2j','DMSO7bX5'
93,'wmatteuzzi2k','c3zHHFJjgz'
94,'hcasserly2l','4oV86U0J'
95,'mseston2m','CHWajfLYnqJE'
96,'rmynett2n','g7GAPSiBI2yP'
97,'mvyvyan2o','iDDnpp1'
98,'msturch2p','Khi3lzZbpx'
99,'hbrastead2q','zd2M7MA55JLD'
100,'dtodman2r','ZQbXPYM'
101,'rhusset2s','4CpQXdNJ6'
102,'aduns2t','SXtZ2m1k8rof'
103,'edunsmuir2u','QVLmq7tW8GpA'
104,'dmcdade2v','SGzGxg7'
105,'kmuncaster2w','h6NmMCI'
106,'bcomport2x','8kVK2YZ'
107,'cbrundill2y','mBY9q0B1nwWB'
108,'cpurvis2z','KSko7TP'
109,'rkaysor30','LOtjJC'
110,'aakister31','sT0TU9DaF'
111,'shanmore32','V4odFkes5K'
112,'tleverette33','beqa371gy'
113,'acudby34','f22JnJwc94yp'
114,'ysabati35','M0O9I1cG'
115,'cgruby36','ApVCFcG'
116,'jlacaze37','qf54K3EP7'
117,'rernshaw38','b4D70IkDMD'
118,'cbrittin39','S6dA8X5LhGH'
119,'wlefeuvre3a','Prg3jt7l'
120,'acaisley3b','zAkCrvpZV3'
121,'rjobbings3c','rSThJnuDU6L'
122,'creucastle3d','jvzpmiUvmJKD'
123,'gfabry3e','YkmMrI'
124,'aavraam3f','21pMDr6tvsdX'
125,'pmagne3g','M6xJ6zBR'
126,'ctolman3h','O7JRfZ6'
127,'jcoggan3i','r7xNQLnmB'
128,'ipaulmann3j','Qbf46of'
129,'sshellsheere3k','RZoHvzIUde01'
130,'ppetticrew3l','XYWKqzns'
131,'etorrie3m','jKGvHX8hZUtd'
132,'apilling3n','yAFE9aa'
133,'pconnue3o','c5FOuQX'
134,'ematej3p','kuOHUYJlfohe'
135,'ctoner3q','EgpBGO9EXjV'
136,'abettington3r','AwB9Ke'
137,'cyegorov3s','XdccQD'
138,'shagart3t','gYIwR5cyXUB'
139,'gconaghan3u','vPrbTLIlE'
140,'vhuscroft3v','8vOVVRp'
141,'msoreau3w','hWK8Sqlgd1x'
142,'sbowhay3x','9PSPTBi'
143,'jrillett3y','ZCy8gu'
144,'jlanchbery3z','HO0qrC'
145,'hroggerone40','2wu0ulC'
146,'rfedorski41','lHQGX2GYg8'
147,'vhucker42','bWjG7vPgK3F6'
148,'granstead43','r90UWs'
149,'cgreste44','I9U4nZD'
150,'sbeattie45','sQJrcHk1G'
151,'sbonallack46','VaDu0s7'
152,'ahazlegrove47','6rZWYXPIli9'
153,'ekeyes48','GfggSkg'
154,'ibrougham49','LKyOKj'
155,'zgeaney4a','CloJt98'
156,'jbeagen4b','37sEOcck'
157,'ksteptowe4c','cZpx7YoVdNb'
158,'cstaubyn4d','bbf60dwSwM'
159,'reasey4e','IOxbUhMuc'
160,'fbutterwick4f','MApxsWAwP501'
161,'msurfleet4g','kPBt05K'
162,'bkelemen4h','UJht92'
163,'wfetter4i','xwhMTek'
164,'thlavac4j','WiW3ctt'
165,'cpennycord4k','7yOCEBm5N39'
166,'kabrahamian4l','tWxByL3gRN'
167,'alegat4m','qxerlTQ'
168,'scourson4n','NtUBA80E'
169,'bmeran4o','lBUAPzHWYZR6'
170,'hshakesby4p','QkmIzS13k'
171,'kolivazzi4q','C9PFtvZ'
172,'ehain4r','vF8wdbFS'
173,'valps4s','HnloGUGBD'
174,'ocoad4t','3iu3oMnk8yT'
175,'cbosley4u','Oe46MXB'
176,'rvallens4v','TceUKkB5v4hJ'
177,'apeek4w','r2M7LWYH3bWQ'
178,'berrichi4x','tqYgxvOr8qQn'
179,'tflorio4y','qZQZngqqe'
180,'mroome4z','spjc5XR'
181,'adegnen50','DnPvpIv'
182,'rsporle51','8X5tGDBQ'
183,'bpyecroft52','aSthIWr'
184,'wdelgadillo53','sOcqv7M9'
185,'kcobden54','erri4y4Yio'
186,'sbeacham55','97mNxr'
187,'wmccaghan56','sMsdUiD60k'
188,'mzappel57','AOZizPSc4dj'
189,'kkenway58','KCEt2wudFNa2'
190,'bplenderleith59','974kgzjo'
191,'jmannix5a','DPplMsU'
192,'jhubber5b','Gp8JCJA1'
193,'bwadeson5c','0hj7CzL'
194,'gcleaveland5d','nF61Xa'
195,'ewohler5e','neOiMUo1pL'
196,'mkeller5f','VGkgpR'
197,'klanders5g','hwDI9cab2p'
198,'nrubinovici5h','qyklS7g0ZRmd'
199,'drutley5i','5XQsBk2ZsJ'
200,'dbeaton5j','vyNgys0hhSwU'
201,'lmannin5k','iHHgluKIx'
202,'ghamnet5l','ydGpSeOzh44'
203,'djervoise5m','RAWmqF'
204,'smoors5n','eY5GxKR'
205,'hhemerijk5o','Wk2YRxoN0'
206,'rphelan5p','tF9wdld2'
207,'gchaffen5q','HbfGitOY7eRW'
208,'imussen5r','c0eWUCt3tSOa'
209,'lokinedy5s','tqk9PnIVIcVg'
210,'scoalburn5t','2oxnIsR'
211,'layer5u','fv9MAhf2xF'
212,'selliff5v','MAjrBDnYS'
213,'pvakhrushev5w','VulJeRUc7o'
214,'shurley5x','gMQ90MVo'
215,'amarvelley5y','jWoN083'
216,'ddenormanville5z','Hh4hxKPzuM4'
217,'cnardrup60','XyLKPtIbW'
218,'cmargett61','2d4d26rS'
219,'dlinner62','m4LsPF0DIw'
220,'ddelafield63','bDnPf6toR'
221,'msabey64','8EoABI18Co'
222,'dgorst65','SDt1zn6c'
223,'kcoste66','i61ueM'
224,'aproschke67','yFBnH02vWTds'
225,'rskipperbottom68','ASqgmK'
226,'bmalter69','1ZPOmEp4js3'
227,'vbuckie6a','faSQv46Jagil'
228,'dshearn6b','0ZBBkXSIn2'
229,'rjessup6c','uoWOWOcnA'
230,'bsivyour6d','jIYjvEoU2p9f'
231,'glitt6e','rviJJ5FAqjrn'
232,'gdunley6f','kD2i40TI'
233,'dingarfill6g','KXEOj2'
234,'rrudsdell6h','fPiFcX6'
235,'rfylan6i','UBVmchaH'
236,'nmcelvine6j','cfQqzD'
237,'cshelborne6k','hmapdahXYv4a'
238,'hplampeyn6l','2g2WJ8FB'
239,'claybourne6m','QqphlP'
240,'fducket6n','KaAOC6XgNtQ'
241,'ccranshaw6o','KyBW4J'
242,'fjanecek6p','mdIy8lahf8'
243,'amardall6q','WYoLWojUCt'
244,'aaluard6r','fH5GiXJpav'
245,'sdanit6s','KQ91yypvN'
246,'lsneesby6t','fzY8VFJY'
247,'senevoldsen6u','3yPm70'
248,'mhurdman6v','0bXiZz'
249,'mjedrzej6w','T2geG3jaX3R'
250,'bdowns6x','OnXLlWtNtE'
251,'ahould6y','qGSmW36'
252,'agildersleaves6z','AzSeEib2O5C'
253,'ocoltherd70','YJh2vx5kWe'
254,'gwarlock71','WdtVf58ZDils'
255,'ttolhurst72','ZJ1JsiXeu8Sq'
256,'lchaldecott73','CtEIJMr'
257,'ktrusdale74','2i3QRcjt5W'
258,'omahoney75','UchNqp'
259,'hscaysbrook76','j8IO1Vl6cPw6'
260,'hcrown77','6ImgxhKEsw'
261,'sesom78','XgafsNv'
262,'ctawse79','eKyoTwehX'
263,'eelwel7a','F22Nl8CCqAe'
264,'hdeerr7b','roiA74wUny'
265,'mibbotson7c','fOlGodr'
266,'ucoghill7d','GOBGV5'
267,'adelleschi7e','ydctHJ'
268,'kcass7f','uiDd3sM'
269,'naikett7g','61sjtZ'
270,'mruffey7h','yJdIPoxsVk'
271,'drylstone7i','M7fZ73D'
272,'acamplen7j','YRPW4cyA'
273,'magate7k','hzm7nolGK'
274,'spenzer7l','5dl4mhyYLq'
275,'anormanvell7m','EcfPE2LuCH'
276,'bkeast7n','WVNmqpRd'
277,'talgeo7o','nqrxS9y'
278,'ospore7p','dIgZcpWSS'
279,'vpanchin7q','Inrf19qVCga'
280,'dledwidge7r','7zxCmQ3gEzW'
281,'yromayne7s','nXHqibXb'
282,'djodrellec7t','Y4fXHBADP'
283,'dperillo7u','2NFuY4NdZFQ'
284,'srohloff7v','8QcKHjCJJYC'
285,'maingel7w','vnv8zaiRzq'
286,'vdessent7x','kE2huIhmM'
287,'mkinnerley7y','UYnxMkG3E'
288,'mpherps7z','PejmiIqK'
289,'xbeldam80','tm6JwwDiSESE'
290,'btitta81','FjqJiy'
291,'dames82','UWdPvkwza'
292,'nmorison83','7t0xqLyf9'
293,'sprimett84','f4XohN'
294,'driddle85','FeAxFd2sjup'
295,'cfrazer86','b2cBqapFppR'
296,'ccosgrove87','fAGaGXUz8NS1'
297,'ctickle88','HkSjxJE'
298,'rderricoat89','AzRVclN'
299,'cspilstead8a','mIxK84xhyORQ'
300,'mcranstone8b','ujVL0kBpm'
301,'hvanderkrui8c','7qmLl3OK'
302,'ifeifer8d','Kd3zdjRaK9M'
303,'dbockings8e','D2LxCJJInhmH'
304,'atejada8f','8ldT2k'
305,'namott8g','d6Mrn3JyYVS'
306,'ddalgarnowch8h','goXXZqMjn'
307,'rcotterill8i','mnqU1HmUnJ'
308,'kpogg8j','rCz9EXp5M'
309,'hbasilone8k','ZJaB9c9pynZ'
310,'ggallie8l','1gEXSWNY'
311,'ebleaden8m','heiw7I'
312,'gkirley8n','ujyY1w8Pn'
313,'ccicullo8o','U6OOPu7tCuC'
314,'osemken8p','DjLqIa8FD'
315,'aallardyce8q','OPg2BWTyabSp'
316,'msidlow8r','UB96Onmz4'
317,'bposer8s','s0KCNQl'
318,'hmccue8t','DJFo2tABRLvl'
319,'shuntly8u','cZJJtR2'
320,'mroyans8v','9V2uoUZ'
321,'nvesty8w','f2TtZjVmRCT'
322,'eglennie8x','FKEdOeG7'
323,'kesberger8y','jPGVjC'
324,'bsach8z','m40BY10VBrI'
325,'rtetther90','WVSpWzcTmMeR'
326,'ndurbin91','xcOzOz'
327,'jdixey92','7obFB9v36Pq'
328,'sduddle93','iFhcIFh'
329,'svarian94','LkuGrLfUI'
330,'yjerams95','g0IKlJP2o'
331,'ccattemull96','P56rmjOCa'
332,'rjenney97','Bmgx19YF7j'
333,'ctooker98','QhHiSryWPtTI'
334,'azisneros99','AHjDQKLxh'
335,'scairns9a','7NBTjW7gAO'
336,'jkays9b','PAEC8Z2JcRFd'
337,'ktremayne9c','t5toZn'
338,'ngreeson9d','EI78oEjSyCqj'
339,'cfeatley9e','hJLNlJJloc'
340,'hguidoni9f','07f5ZGdtJpot'
341,'jwhitfeld9g','bOEst7UMXw'
342,'wblitzer9h','DufiMo800'
343,'syacobsohn9i','WOu6Iwy'
344,'briall9j','s7rThmK3JW'
345,'zbleesing9k','rzDJZs04zLE'
346,'sianiello9l','WJzsVR'
347,'dweall9m','iabzxjp'
348,'dlerhinan9n','CVVzoh0iJ'
349,'wpurple9o','GgEJ8X9cziQc'
350,'csimcox9p','PtFnuIf4d9y'
351,'tsquire9q','5MWizK'
352,'dpinchen9r','pha47flzVkZ'
353,'nmcdermid9s','jCRtvH3Vkn'
354,'donoulane9t','jB2M6Eh3ubE'
355,'mbouldstridge9u','NxQoxReQ'
356,'mpyford9v','Kst9QbDqN'
357,'cvakhlov9w','IqWfsZ7f49'
358,'dheditch9x','xRE0QpCh'
359,'drussan9y','NVA9ZybRpiJ'
360,'dcherrington9z','mmnzoTZ'
361,'ymazdona0','gPz4CZa'
362,'dcallandera1','xq5QwJfBz'
363,'prockliffea2','FPrAEHOxh'
364,'thouchina3','wDuQ519zUhD'
365,'cboormana4','IEovTj3qBJuy'
366,'tderislya5','0675FMPnDL'
367,'creidea6','wd0K5J4Hc'
368,'hreedera7','RCiMa8gx'
369,'jbauldrya8','RgcGNdJP'
370,'bgirardina9','EuhrOjt'
371,'mfolkertsaa','TWleK4V4Itjh'
372,'jthorringtonab','1AW3IxCD'
373,'lstivaniac','Okislut'
374,'nhubnerad','5663doW'
375,'gstirmanae','SOY98mqJr'
376,'burquhartaf','XhHtBW0635Ex'
377,'acollenag','DeKhMDNzfO'
378,'bormondeah','cBkvlwYPwLrO'
379,'cstainsonai','X01keuvaAQWb'
380,'rcondellaj','sFei5bIaxgA'
381,'osinncockak','Ya4C2l4'
382,'mhatterslayal','F6dzP0wfk'
383,'ncovielloam','jnlGtK'
384,'rledgeran','frUN2SI6Lw'
385,'tfranyao','dW2Swo3lNiB'
386,'mgilhoolyap','YDFvJfshL'
387,'pfeehanaq','iZbViG'
388,'wlozanoar','0NwSPTVhmGqK'
389,'lwodelandas','QJjxpVdaibiY'
390,'stitcumbat','xgORDTR5PH'
391,'dmirfieldau','eh5uEEyajOVJ'
392,'fconradsenav','s391F8IG5q'
393,'astatteraw','uNSVfMV'
394,'ahorryax','0GvEMLPM'
395,'asavellay','HFKDZXqfBd'
396,'akivellaz','2BGmQe3l5rzR'
397,'rosmentb0','J4M9wdUR'
398,'bstyantb1','k5pggEwwl4'
399,'cbudgeonb2','xZUVBb'
400,'lwattingb3','bQp6eP4'
401,'lpesicb4','lxKB21MYzt'
402,'bbrimblecombb5','waezXqKy'
403,'agedneyb6','8KNPqhIu8KHO'
404,'gmcareaveyb7','n9Cg8NkkX3'
405,'bhatherleighb8','a84HdDTsc1E5'
406,'groebottomb9','hhxfbD'
407,'kdavidssonba','t3tRIYVXeUB'
408,'egoftonbb','KkmRQFp'
409,'gbatybc','Nme3PAfWg'
410,'tpeggbd','S7I60U'
411,'cmaconbe','nB4rlfjH51'
412,'cgogartybf','aFVVfq4k'
413,'ahurchbg','m8cKYO65Tl'
414,'jdowsebh','6H50nNWNX1Mr'
415,'akalbererbi','yup1QO0IX'
416,'jgawithbj','OLro8ixOZ3yU'
417,'dbickertonbk','F4YVylx7XA'
418,'jliklybl','cIVRJLN7x'
419,'tvallentinebm','j4SVvPqNFSN'
420,'amartignonibn','vommDMoYgn'
421,'lbarthropbo','9nAZOUeIS'
422,'pcottlebp','kQjyAm'
423,'ngorwoodbq','K892D9IQLr'
424,'bbrattonbr','RLgFsy'
425,'mgallaherbs','S8KwAX'
426,'tklassmannbt','EBbyCMcX'
427,'gcopcuttbu','NHojTV8'
428,'sninehambv','RkR1a7dkzuFe'
429,'abirkbw','7p8xHTigxV'
430,'blavertybx','NTd1efInrwY'
431,'cgarmeyby','ovaYc43SV'
432,'dweathersbz','GygWqpJGF9'
433,'gjanicekc0','tqu21m8mmME'
434,'cvasentsovc1','1HSDNXprQC8'
435,'rstivensc2','QOyOPxD'
436,'hdenricoc3','4RMWKnqa'
437,'gdunyc4','BVqrrdtM'
438,'sbellayc5','PsBabuxJm'
439,'fsyalvesterc6','xDtwcyO'
440,'nmcillrickc7','fi5CIKHwsJp'
441,'bwitulc8','HsvAs4SJU'
442,'zphillipc9','yRvx5JYCZL1'
443,'hlotheringtonca','iHOGqAv5uRx6'
444,'cubachcb','8WRVjuh'
445,'eobbardcc','hCWhPVRVq'
446,'mvanwaadenburgcd','Ptj00Gwph5i'
447,'sbreartyce','ZOL1i2E7TM'
448,'fhebblewaitecf','lfDgq9piZ'
449,'lmcguirecg','53qgSiNCA'
450,'rtriplowch','e02nmoP'
451,'dpogosianci','CYSR3AYkfp'
452,'mtremolletcj','endd5JO8uutJ'
453,'pwatsonck','hjRKKQSp'
454,'lharsnipecl','UNjZp81'
455,'caierscm','eAEBzGL3Bc'
456,'egumncn','Ui0GSmLW'
457,'ygawneco','nSYTkF2'
458,'npavinesecp','s4cZDceJ'
459,'abodecq','hYOqX9ZnudwW'
460,'abowdidgecr','iZ4Rk4ar'
461,'gromaninics','4qrQvhh'
462,'rmccamishct','mLwiIzagG2mi'
463,'klippicu','CKPrvRu'
464,'ejudsoncv','PgCJrv'
465,'gchisholmecw','QfehiY'
466,'doakenfieldcx','lsVD9Q'
467,'dqueyeirocy','WEgLLsuVL9'
468,'gjanssencz','TgCqitVZx'
469,'mbosherd0','uWNttq'
470,'jmostond1','5bIglv'
471,'alemarquisd2','5GUHep6c2qF6'
472,'bmothd3','RWnNWa4'
473,'lcorlessd4','ZTG8UuRC'
474,'otapsond5','E0lbfrqc5VKi'
475,'walcalded6','dsUoFX5'
476,'nrobeletd7','hmm6bcQvpD'
477,'mhaddintond8','PYmTGTB4'
478,'nruppertzd9','L7xQeMYHy'
479,'abrahmsda','47f6Guih'
480,'mfowlsdb','n2RXg6FM'
481,'bsparedc','IvncUkLAzD7r'
482,'hwartnabydd','rohlK6VLJmU'
483,'brosede','b7W7F4OR'
484,'rpearseydf','xGptp2xdVE'
485,'aodgersdg','yH5iVmvy'
486,'tbeekendh','4cmrRtK9'
487,'cchethamdi','naA9DKFj'
488,'kmcwarddj','kkw2kfSaO'
489,'cboggersdk','14GXrBjV3'
490,'tjopedl','htKisjfV'
491,'pattkinsdm','XJB4wYp'
492,'sdunsterdn','GwDcAYocX'
493,'minchbalddo','XgXFK0TJ'
494,'hgreschikdp','da2Xz9vsCzN'
495,'cryottdq','pK7WqooXF4UE'
496,'wgullyesdr','rBTexR'
497,'sgarrattleyds','unqqhq'
498,'ckilcullendt','z0Chrd'
499,'lsteeredu','XhtRfrOpn6Y'
500,'msnufflebottomdv','95IzREfPS'
501,'rcasajuanadw','bOGNVuSE2F'
502,'mlafayettedx','fxIUOIKy'
503,'egreirdy','8dhUlRfpH4w'
504,'gbetteneydz','EOGwjMDJFxfW'
505,'dharpe0','UdPmai6uEs8'
506,'eredwinge1','nX7DHv'
507,'lhearnese2','sSeRBF'
508,'sstummeyere3','sAwwlS'
509,'rwoodfinee4','unTjgWI9'
510,'eunderhille5','hZEk6zc'
511,'rfarthinge6','EhPulVfcxC4y'
512,'iquembye7','v2hAS3'
513,'kmaniee8','sRDi7rdCeeE1'
514,'olebere9','RVcgSkvhjxJY'
515,'rrudwellea','q8D9XM7'
516,'tlallyeb','1x4FQVsJR6a'
517,'ntaudevinec','kqOPVlK'
518,'gisteded','Wke96e3gERs'
519,'jjedrzejewskiee','yhBDMyLL'
520,'gvassayef','wgWiEoDMh'
521,'amulvaneyeg','kWNu2RX'
522,'cneillanseh','DF4rYUoeQwta'
523,'bmccombei','8GObE6h04'
524,'tscryneej','1hlk3XvSdMP1'
525,'tlestrangeek','iAjNyDY'
526,'bcoslittel','c9TGZkwMW'
527,'bhandrikem','J0oZ4jXs1'
528,'rleakneren','4CFNmpnswp'
529,'nedyeo','47FPsW'
530,'rdonanep','kiFuVLY'
531,'mcokereq','sqoUHYtuST'
532,'lwagstaffer','ZJfr7q09k41l'
533,'tsherbornees','gEhhwm'
534,'speeteet','X4X3NJ'
535,'jmaysoreu','80yFxEFYKEm7'
536,'ewoolmerev','RENiEOsuBX'
537,'bgreschkeew','aiPpend'
538,'bcockrillex','HBvh3H0le'
539,'cobradainey','Yne9C0Yp9Mnx'
540,'gfoldesez','gFzuPuU2'
541,'hchidwickf0','4vqSffVkT'
542,'tleadbetterf1','2THN0PvJaC7'
543,'skunertf2','l5FB3SZXeYl'
544,'lmiguelf3','EVOXEdMC'
545,'hconradsenf4','PGMI43IHaDl'
546,'gwildberf5','na6LkIVCGb9'
547,'kharsentf6','aFEuBj'
548,'htankusf7','WUQOX5'
549,'lwormaldf8','ich36VdH'
550,'mmagnef9','t4Y2cvP'
551,'fvanthofffa','FQmI8TjAMx7'
552,'kivanchenkovfb','YAQ0vQ'
553,'sarensfc','wTarEeqR4Ik'
554,'hlondingfd','WIDNm1klSRVA'
555,'btertrefe','B6XbpD6'
556,'bzouchff','iWcaXt2'
557,'ptillyfg','c5ezmfAERnt5'
558,'ddaelmanfh','uNfEjkGNNS'
559,'ddeetlefsfi','XzZ4WU'
560,'nsteensonfj','xGhKGhj'
561,'ntellingfk','DB0g55GQMOE'
562,'glainfl','r6HKSgw'
563,'thenkerfm','w3GDf6v7R'
564,'pclemensfn','dDjZtAz'
565,'dfarnallfo','TAKFs4oi4'
566,'omityakovfp','W3tpKt'
567,'tcarikfq','jhPZLsE'
568,'hjovisfr','vGdTxc'
569,'wgoochfs','dpS9Bq'
570,'akerrichft','6AgFQlo98'
571,'bhaglingtonfu','awWUjiRxQT'
572,'csmullenfv','FbA2E4'
573,'bsennettfw','NOmxi2rJkW'
574,'gkenchingtonfx','zCNxZg'
575,'mdymentfy','OpqvKaKNyDJD'
576,'oflooksfz','NL3Q3nNLwvIN'
577,'fandreeg0','YBS89YE2B3UK'
578,'amacallesterg1','9AR8ZJ'
579,'cfeaveryearg2','CmS9sa'
580,'ugorwoodg3','a8LjVA'
581,'zblampeyg4','LmZy5i7'
582,'lfriedlosg5','FL8ZN5k'
583,'ckrysiakg6','jFAgt2'
584,'jtremberthg7','7snUyf'
585,'agroddeng8','nd7WYX'
586,'mcornelisseg9','xO3u47E9T'
587,'mpasbyga','Un2fokUZ3K'
588,'rschwandergb','DPeBQNKLRi4x'
589,'iklasgc','5ZslobA'
590,'mduffreegd','52Vmcd0'
591,'wtironge','Kb4oz8'
592,'jkearlegf','0S5Feqb'
593,'wganiclefgg','Kkvj1UORRBXs'
594,'cosgarbygh','AIRAIo'
595,'rpozzogi','BbkjGCYt'
596,'wsonghurstgj','NO2ZeUykLhGo'
597,'rwegmangk','Vp7vSP'
598,'fmabsongl','1aOJcTIIZ7'
599,'aredfordgm','Ybg5b1O'
600,'rwymergn','OgaLjfw9Iz'
601,'mkyteleygo','KKZZa6UKjZ'
602,'modgergp','rSVHXkOQ'
603,'nclaphamgq','SrcughhhLF'
604,'abissexgr','VoDDG9Ora'
605,'bliggensgs','jn77Yfr'
606,'cchavezgt','I5DrzxxJ7W'
607,'ftorelgu','lo2guONX5I'
608,'pthurstancegv','IXaoHb'
609,'mhaxbygw','grHitm'
610,'sspottswoodgx','xPw1gqjpjcx'
611,'mpreddlegy','c4IYzxFBRx'
612,'gnevettgz','XPsFgzJx0'
613,'sshoresonh0','4WoP4VW'
614,'eroncih1','RLrQVoo37j'
615,'bwillowbyh2','m4NrQnZWXAjc'
616,'pdyterh3','27MolWm2'
617,'mjandlh4','T35rv9Rpem'
618,'ubesnardh5','mqDm3y'
619,'gbumpash6','X6DLUoUkKmC5'
620,'tantoniottiih7','EeXFOH6Omg'
621,'ecockerellh8','sTW9KWDNnp4'
622,'lpitherh9','2XdOoOt0'
623,'sbrickstockha','ueQDvG'
624,'mjoveyhb','Drv1kpvC3dQQ'
625,'smccuishc','kvQau3'
626,'whayhd','7HGVgyN8'
627,'eandrysekhe','wAqywsXjZTI'
628,'rmeridahf','Gs6O3S'
629,'dvigiettihg','6im6Fuw8G'
630,'banderlhh','dqBAqN'
631,'gkisbyhi','mIalUc8EiEGF'
632,'ckeyeshj','HbydJwpDi'
633,'icanepehk','kWskVFfgeC'
634,'ocrinionhl','j349VSi'
635,'dgarmhm','8WjA2AEv7EFb'
636,'mbutterfieldhn','vILIjeQDJ5md'
637,'cdallanderho','qYJSUJuwgxa'
638,'breehp','A7EKkzgjX'
639,'swondraschekhq','1t7I30BHlY2'
640,'gmanuellohr','xoVLUWPhxOd9'
641,'ekerihs','p1uD2ywYTat'
642,'meldredgeht','C1YN85C7z1'
643,'svockingshu','KEF1HIqRzx'
644,'jpancasthv','i9pXYzsJfw'
645,'wsmallbonehw','jmq2GS'
646,'rlewteyhx','K6lPyMr'
647,'wworshallhy','qVhc64gO7'
648,'bhanmorehz','EPJRso3pAwS'
649,'gummfreyi0','2wUjTCOTl'
650,'vgallegoi1','jyRDtV7'
651,'mfedoronkoi2','OU9HqNiEmJp'
652,'agrinstedi3','Odv0PqkuY'
653,'aambrogellii4','r5Ae9P'
654,'sfittesi5','ZAJ9pJTe'
655,'cgenthneri6','cjYNCZMa'
656,'rpillansi7','h4GSQgT'
657,'slhommei8','L1g3UTEx2'
658,'tprieri9','qcs0re2Qz'
659,'bbaumberia','wpiBwIGumitn'
660,'mdelbergueib','wptEPvQtBsy5'
661,'gcrutic','6yyPEMb44eWX'
662,'ahagartid','tQlDjDFdW9mX'
663,'arigtsie','x8AO15spq'
664,'lpetrushkevichif','2jwPqZumCe'
665,'afennyig','03tzbDbP'
666,'fpowersih','5jRELRbZGNF'
667,'jreffordii','W2GVcFHK2'
668,'imcilvaneyij','cY4w5Z'
669,'vhallittik','YFVX0OD0O7w'
670,'ghulmesil','hkOs9uP81fR2'
671,'mfurstim','I8nKb1H'
672,'ealleynin','OoluqYenb'
673,'jmolderio','ELRIGBBRC5'
674,'fwycheip','q5NGqdpiUEa'
675,'msteadeiq','8eHc0GI3vG'
676,'ahalworthir','z8YW21JTxJ4m'
677,'mmcdonnellis','Qkwd9Cg77'
678,'iadranit','egTiZxH0x'
679,'efeitosaiu','GQx6f5q'
680,'tlegisteriv','pUU1PZ4N'
681,'obadwickiw','sF14kKcR'
682,'rmililloix','5jdAiz6W'
683,'ccasarinoiy','FFUEKBD1cP'
684,'akolesiz','w35L2n'
685,'kduffieldj0','I5eB5kz5'
686,'djeanonj1','q4LYlykf8XFs'
687,'tgarnsworthyj2','ESWb1k0'
688,'cfranklynj3','zTQhtWY'
689,'tsantonj4','DAbdLdsOA'
690,'creisj5','oZA0mF'
691,'rbunstonej6','UPWRRloc'
692,'bjakovj7','0sBUaGi7o'
693,'rprobeyj8','10Xpsd4OrFGd'
694,'nwimmerj9','fNMsztTBthb'
695,'ttraylingja','t559o0Qt'
696,'aloheringjb','RAAOmFGaFJ'
697,'ejozsajc','m2VlWcSTa'
698,'llivickjd','ZAauFeLBJUXj'
699,'csimnelje','Tkr7upzSG'
700,'blipyeatjf','JJnVUSDVIPN1'
701,'jsommersettjg','CaFGr7FejHr'
702,'skenninghanjh','e4q1QzgvQA'
703,'lgaythorpeji','8s4mhw7'
704,'rcrucittijj','pfKAkci'
705,'vlargentjk','iH5p2Mgw'
706,'mgwinneljl','RdAjXGK'
707,'hberettajm','6DxWjff'
708,'pdavionjn','Hce6lH'
709,'kmackinjo','RLAavNTnOSy'
710,'rspeersjp','uO3J8wi'
711,'egotcherjq','h2BNRDTb'
712,'fbettisjr','WFPPMHha8k'
713,'ahariotjs','IZNfnYb'
714,'dsummerladjt','poTI54z3i'
715,'gchestertonju','9UJ8Z6'
716,'caylesburyjv','bwz2DIuW'
717,'jklambtjw','w10gxWjHw'
718,'lrowseljx','exfthDYIzje2'
719,'lhalleyjy','ZRpYPxYth'
720,'dlevermorejz','6ehrZC7v'
721,'ibewsheak0','1VCH7OG'
722,'stiesmank1','D9mLEl'
723,'kbrounek2','7wPB5ZDi4N'
724,'cdwyerk3','VQruhN'
725,'lforringtonk4','dLz8BW1Qtm'
726,'tabsolemk5','MKN0XeiLzXwc'
727,'jcolink6','VYdZmnF'
728,'jwifek7','DsQMOsHCyXh'
729,'ghainningk8','dJe54ndIc'
730,'sshirtliffk9','3zA8WCwFse'
731,'bcooksonka','JdNmyPQ18Y'
732,'kosipenkokb','bqHyTMxXPch'
733,'lcolquhounkc','So2VkFqvJ'
734,'gribeykd','iuoWSy5Vkdg'
735,'btreatke','CH0veBH9'
736,'tcolbertsonkf','Y371sgCA43'
737,'fbentzkg','zXUfIHxt'
738,'tgarnallkh','wMEGQkTuQX'
739,'etonbridgeki','oiSkPNhS7'
740,'bviccarskj','DFn9Ewlq9mGw'
741,'gklulicekkk','yX3R4EkXG'
742,'vcressinghamkl','sndrRUtzkzOG'
743,'lcasonikm','S4UJ1A2U'
744,'hpopelaykn','hdhILr'
745,'ispohrmannko','6IXQmq3N'
746,'cscammondenkp','8yLtCm'
747,'bcopsonkq','ImFOTyoI7g03'
748,'jlambshinekr','COjtgmCvWOe1'
749,'fcurzonks','TYIRbGMLRd'
750,'pcodekt','mwj96lK'
751,'cswanborrowku','bfgi9714n'
752,'bnordasskv','7htOgCYDJ7o'
753,'hgellatelykw','oPGkYjOEe9e'
754,'rskeltonkx','e8kuWm4fNBk'
755,'amcdirmidky','EdAXZ9bf'
756,'kkermankz','uVFkdsQmmbn'
757,'pdilaweyl0','O2l8mhdYRZ'
758,'nwippermannl1','5RmLARDu'
759,'jcambelll2','vSTinE56LILG'
760,'habbsl3','u6LxsPmV'
761,'jmeacherl4','u18WBF'
762,'tburgoinel5','m5Iju9hv'
763,'lrickardesl6','ka0kSbl'
764,'yferrarottil7','nPXUMpI'
765,'ibisikerl8','KXMqQk'
766,'ebromeheadl9','QyeRZjq38'
767,'skahanela','4krXXpy'
768,'ddunnlb','2eITfSQn'
769,'shaggielc','K03AMr3'
770,'rpendergrastld','um2wcNJ'
771,'jfetherstonhaughle','xtTgWTiYeu'
772,'cleedlf','lj6HtVkHo'
773,'ithackraylg','j3mb5Vf'
774,'iivattlh','Ft98JtSjwxPs'
775,'ewardsli','AmUXcamwUZ'
776,'kveldlj','JdXuSy'
777,'mdickensonlk','EWLrSvAy3cBK'
778,'msousterll','PMjOq2IL'
779,'scallardlm','6xqdih'
780,'idykinsln','jqjo3z6'
781,'wcamlinlo','T6kYKttd'
782,'astoffersenlp','fmlovoGnz'
783,'ssatterthwaitelq','cBLZye7'
784,'fbraunfeldlr','HoqnsvRBF'
785,'alawls','wAYwekSuY2H'
786,'sstonbridgelt','OgsysrtG'
787,'slightowlerlu','7uoQBax'
788,'jmaclachlanlv','dvt7lE0QDni'
789,'mdalessiolw','WjBpT3F'
790,'cfatherslx','jEZ1eY'
791,'lrounsefellly','JVpH3ZwR'
792,'rmussettinilz','b5Y1iHcs3B'
793,'msouthm0','YOskaZFE97L'
794,'jgirathsm1','lF3cfae'
795,'rtarbetm2','ly9BtWicXtUT'
796,'btrevershm3','HrkmG9UW'
797,'fcommuccim4','a2zanLGdrTGy'
798,'esaterweytem5','kudLykLOeKp'
799,'hcogginm6','Pf4hXS69Hd'
800,'tscamalm7','X3QKEKPITQH'
801,'lilchukm8','OeDak1J89'
802,'dsparksm9','f3BLRBCu'
803,'glagdema','0x7GcMsun8Io'
804,'emccallmb','KnBEBWZsIp6'
805,'dtalesmc','aSpsPlpeZ'
806,'jhurworthmd','lWJvdSeSRZU'
807,'malredme','HpFCIr'
808,'nreitenbachmf','Dnwzwhl'
809,'kevertmg','ZNt5x1B'
810,'vhanstockmh','IGbekjrDE'
811,'rpickrillmi','le3YHpEV4'
812,'oblamiremj','AT7Lq5vn'
813,'cdeschleinmk','xku4cBka7i9'
814,'ahessentalerml','iWjFPpn'
815,'vwofendenmm','88BqoUF'
816,'emaskallmn','u6xX5Mo26jJ3'
817,'rtymmo','3rN4ZOb51m'
818,'nbeszantmp','oi1Nb6m5'
819,'bvardymq','kTrrZi'
820,'cbedinmr','Sc29taIH'
821,'cdodgshunms','16rHzZfLg'
822,'bdruittmt','EsufQts7pQ3'
823,'lleaburnmu','p31GbPccTzb'
824,'gzorromv','AiSDHwqIggx'
825,'cburniemw','fXvoIknoZlW'
826,'pwhaymandmx','xnzQxS5N'
827,'ngorkemy','lkAfuSEt3'
828,'ejedrychowskimz','UFziFBNUwo'
829,'mkirrensn0','lLV0k5m6mc'
830,'crosenaun1','vcYIqC'
831,'tstanwayn2','X9zBXVOVTKbo'
832,'jpughsleyn3','awc6oSe4ur'
833,'ehucksn4','sEzKkYlk'
834,'vmeighn5','gyN3Rt'
835,'kgoalbyn6','0Pb5jX'
836,'lfoystonen7','fN62xy'
837,'llejeunen8','CTzvOzIb6kw'
838,'jbeetlesn9','amS1mXAIZ2D'
839,'rduncombena','aGBE8DlhGj'
840,'kledgertonnb','WGj7knrd'
841,'sriddeoughnc','pKDVY7O'
842,'blambartnd','L5zQGroUX'
843,'shoysne','Orrv8pc'
844,'jfonzonenf','vOwrmiqc'
845,'bpagelsenng','6oaXovj'
846,'glowingsnh','LWAuP2'
847,'tcurrerni','AR3L7eYfWIf'
848,'mdionisonj','ul7tnolcsQEn'
849,'csnaselnk','LkpreIjDvSX'
850,'nshowlernl','DVtW5XD6'
851,'pgourlaynm','YXC4IgY9FDZN'
852,'ytschierschnn','dOh7AyYP9Hft'
853,'ltissimanno','xWVh88kYu7'
854,'mvaltinp','A7KyzfZXo'
855,'sdyernq','IHvFB35Yu6tN'
856,'bbarrouxnr','m2XMpI'
857,'ntrendlens','Pa6eBji'
858,'nmetheringhamnt','vOmwe3jLiq'
859,'jhedgemannu','bsTLAuL5'
860,'rquibellnv','zYNVWbXgw'
861,'nzambonnw','ApF1A9GsdPN'
862,'kslynx','0GjQ9qPWxuQ'
863,'lbasdenny','dPAH52B'
864,'chealeasnz','Z6VVBj3oI1t'
865,'genokssono0','vtvogt9x'
866,'wmacenellyo1','vYi6EQPr'
867,'pmanclarko2','tPIo0SCBa'
868,'gtrustieo3','jEPAcp0l'
869,'prubinskyo4','7MTaHPr'
870,'candreopoloso5','NUsxBrwTw614'
871,'ebrownetto6','nOkvC3lg1E9e'
872,'zdykao7','t7JjTB'
873,'shriinchenkoo8','qSXSvGTRveY'
874,'dgearingo9','07jbVsCJvdk'
875,'ttschierseoa','YWMi1S7Dkkx'
876,'gjannequinob','YMRjV8cYl8Cj'
877,'fvanzonoc','Ply4VrLy6Y01'
878,'stassellod','8L972Ffsw2'
879,'dramsbothamoe','eEkdp7L6Ibk9'
880,'lsavinsof','TxFc2eLV9'
881,'cpontonog','Wrwa4Gis'
882,'uportchoh','yY9dnB'
883,'ayusupovoi','E3YTCSbZZO2'
884,'sirnisoj','gGnn4tRX'
885,'dmccaddenok','kbctQfiAA'
886,'mjochenol','CF3kE49Bq'
887,'eproudom','VEgJH3CoK'
888,'mpoltoneon','xDP4JOKrAO0'
889,'rhanleyoo','qqhBQclbi'
890,'solenichevop','sMGigNoOxb'
891,'bmarzellooq','wEFflTp'
892,'ebuttreyor','UZIDXt'
893,'mkensitos','tpbJ9t'
894,'tlambertzot','a6W5csTx2k'
895,'lcaretteou','24wUXk'
896,'bgeldartov','o9wG6d8ro'
897,'peckhardow','vTEhNGroi'
898,'bchesherox','kBR1NiZNSk'
899,'bhinrichoy','S5SC1Wnhze'
900,'jkarolyioz','exPzWsUOyl'
901,'mrogezp0','vlYY2U'
902,'jregelousp1','f0nnPVk'
903,'tgoddmanp2','F3Bjz3u'
904,'mpanyerp3','ZQKrxLXqBQ'
905,'mhempshallp4','D1yV1cXLxlc'
906,'ykeetingp5','UMco6APgZ4pj'
907,'cmitfordp6','I2eUFMbRJ'
908,'tvedmorep7','SGtO942'
909,'mtidboldp8','Ay0taBj'
910,'btiuitp9','Pziy7q'
911,'dgiorgiellipa','x0Z0VSj1d'
912,'mgaishpb','redP0Dj6T7'
913,'aberthpc','Q99laPfONl'
914,'llednorpd','FrkRoo0GRbg'
915,'htunuype','4mqvaw'
916,'tturfinpf','SnPvKeMWlzz'
917,'cbaruspg','eXp9LtQ48ytJ'
918,'rbladderph','TQKK4f'
919,'lrosenbergerpi','AnLZzTvjT2h'
920,'erotherapj','ffacsZ'
921,'lcominopk','7rcxTQIOoZ3g'
922,'blahivepl','mcPUXHFpysn'
923,'agyorffypm','n7oUIHh'
924,'etrimbypn','31gCFNsA'
925,'mwhitchurchpo','BDmWAh4Bwo'
926,'lginnpp','hNw2mtx2'
927,'amarlowepq','dda3GtF32q'
928,'knelsenpr','PMxfDFF'
929,'vmeashamps','IZQ2e5iwuVh'
930,'vblesingpt','RHlwVF6NSyWE'
931,'mokelleherpu','Qc1n69Num'
932,'oreglerpv','4hcRukL2TU7'
933,'gboultpw','fcqJ3w'
934,'aspinkpx','ewChKt'
935,'emcartpy','ZSqhO7EYL'
936,'hgrimespz','9wMPM8HvF'
937,'wespinalq0','Uoi5lSwUckO'
938,'bsharkeyq1','DXV8D8m'
939,'sstanbroq2','azPwbFMzFR'
940,'hmallabonq3','bRP9YS'
941,'faskhamq4','jcjfs0AVzc'
942,'cwhebleq5','OJLwuRtT1'
943,'khunnicotq6','Sq0mNj'
944,'bdeavilleq7','JQexySmA6'
945,'ecliburnq8','qZX3PRpZwWVl'
946,'dswiggerq9','ATxYX07kZ'
947,'bshaughnessyqa','2L5Yoky2tKm'
948,'bmunginqb','ikewriGPBiA'
949,'jevendenqc','HoAhxOdT7'
950,'elippingwellqd','nmQ8G98E'
951,'ifearyqe','2rwn4SRe6L'
952,'bdaenqf','T1ei9W'
953,'sorgillqg','8RHImtr0ZpE'
954,'asmitheqh','jeup3sp'
955,'dmaginnqi','9lewYzGVjKD'
956,'tdietonqj','PFALfznLAMoN'
957,'mcristeaqk','N126iRAX5'
958,'noxnamql','GfilCcUHeb6'
959,'bpiertonqm','BXyOj6t'
960,'fleviqn','H5ajKVfEV'
961,'acropqo','uEzsclRM6ob'
962,'cbaylayqp','vSShSoiHL'
963,'cdeerqq','nXzpAQzA'
964,'nborsayqr','wKCmom6ahiCG'
965,'apawfootqs','34wKC1ROS'
966,'kmoncreiffeqt','mQW5is'
967,'cferrickqu','MabGge7'
968,'wbrydonqv','IA8VaF'
969,'vamerighiqw','CTlVMaBj'
970,'mborgbartoloqx','tVULhCz'
971,'sreddieqy','RoDNeuvc'
972,'ltrayesqz','kOZ9Iz'
973,'achiverstoner0','5jDo7yvs'
974,'kcorcoranr1','t7yZS5mtP'
975,'vevershedr2','5IieGYElqa'
976,'fmerryfieldr3','OVkMcgqaHfwg'
977,'crowlstoner4','nlFP4jyQ9woD'
978,'mmowlingr5','LEiPKumX0C'
979,'kvaskovr6','wz2h0HWr'
980,'rcorbridger7','heDB9LG3j'
981,'jcasettar8','4sJuxd5zZ'
982,'dpentonyr9','Rf14Le'
983,'yhuckera','zplO6t'
984,'jspelwoodrb','CtCgT7GVv'
985,'csilmanrc','W7qEfE'
986,'blomenrd','S5htLfg'
987,'sduffyre','SSgwgR'
988,'hismailrf','8EBK9yM'
989,'rcalderorg','3HKjAe0s'
990,'eerrickerrh','m98QrWhe0jbH'
991,'rsysonri','q5S17ff0d'
992,'ssalvadorrj','bnh5LvGcKL'
993,'csaynorrk','4IPnKBUQy2r'
994,'kbrattrl','ijaQXE5v2'
995,'emcluckyrm','stJ14MVk'
996,'socarneyrn','SdYOsl793hE2'
997,'dfeakero','3UZj9FOcgaHk'
998,'osmallsrp','1If5Nc'
999,'smcphadenrq','sJ3viK6th'
1000,'rsearbyrr','swmdaYQOf'

